{
  "23 Get Stock Portfolio Request" : {
    "transaction" : "23 Get Stock Portfolio Request",
    "sampleCount" : 1000,
    "errorCount" : 520,
    "errorPct" : 52.0,
    "meanResTime" : 23.060000000000002,
    "medianResTime" : 8.0,
    "minResTime" : 2.0,
    "maxResTime" : 938.0,
    "pct1ResTime" : 26.0,
    "pct2ResTime" : 49.0,
    "pct3ResTime" : 522.8100000000002,
    "throughput" : 13.472549680026944,
    "receivedKBytesPerSec" : 4.633820309868643,
    "sentKBytesPerSec" : 5.393243200572583
  },
  "16 Get Stock Prices Request" : {
    "transaction" : "16 Get Stock Prices Request",
    "sampleCount" : 1000,
    "errorCount" : 500,
    "errorPct" : 50.0,
    "meanResTime" : 242.19299999999998,
    "medianResTime" : 131.0,
    "minResTime" : 3.0,
    "maxResTime" : 1444.0,
    "pct1ResTime" : 624.8,
    "pct2ResTime" : 797.7999999999997,
    "pct3ResTime" : 1331.6300000000003,
    "throughput" : 66.77350427350427,
    "receivedKBytesPerSec" : 31.234871627938034,
    "sentKBytesPerSec" : 26.53470813718616
  },
  "14 Register Request" : {
    "transaction" : "14 Register Request",
    "sampleCount" : 1000,
    "errorCount" : 0,
    "errorPct" : 0.0,
    "meanResTime" : 37.65500000000002,
    "medianResTime" : 24.0,
    "minResTime" : 4.0,
    "maxResTime" : 576.0,
    "pct1ResTime" : 77.0,
    "pct2ResTime" : 109.89999999999986,
    "pct3ResTime" : 272.83000000000015,
    "throughput" : 66.28662335940608,
    "receivedKBytesPerSec" : 18.578379789208537,
    "sentKBytesPerSec" : 18.23730145084847
  },
  "19 Place Stock Order Request" : {
    "transaction" : "19 Place Stock Order Request",
    "sampleCount" : 1000,
    "errorCount" : 814,
    "errorPct" : 81.4,
    "meanResTime" : 54041.804000000026,
    "medianResTime" : 60004.0,
    "minResTime" : 495.0,
    "maxResTime" : 60068.0,
    "pct1ResTime" : 60014.0,
    "pct2ResTime" : 60021.0,
    "pct3ResTime" : 60051.0,
    "throughput" : 13.344186605105486,
    "receivedKBytesPerSec" : 4.995625608828514,
    "sentKBytesPerSec" : 6.99684962519516
  },
  "Total" : {
    "transaction" : "Total",
    "sampleCount" : 10000,
    "errorCount" : 4200,
    "errorPct" : 42.0,
    "meanResTime" : 5481.5405999999975,
    "medianResTime" : 22.0,
    "minResTime" : 2.0,
    "maxResTime" : 60068.0,
    "pct1ResTime" : 1343.2999999999975,
    "pct2ResTime" : 60004.0,
    "pct3ResTime" : 60014.0,
    "throughput" : 125.4673659381195,
    "receivedKBytesPerSec" : 51.476772951902085,
    "sentKBytesPerSec" : 48.77077024023864
  },
  "20 Get Stock Transactions Request" : {
    "transaction" : "20 Get Stock Transactions Request",
    "sampleCount" : 1000,
    "errorCount" : 923,
    "errorPct" : 92.3,
    "meanResTime" : 22.867000000000015,
    "medianResTime" : 10.0,
    "minResTime" : 3.0,
    "maxResTime" : 820.0,
    "pct1ResTime" : 27.0,
    "pct2ResTime" : 44.94999999999993,
    "pct3ResTime" : 417.95000000000005,
    "throughput" : 13.43435971841582,
    "receivedKBytesPerSec" : 11.313042832097372,
    "sentKBytesPerSec" : 5.417313720007791
  },
  "17 Add Money Request" : {
    "transaction" : "17 Add Money Request",
    "sampleCount" : 1000,
    "errorCount" : 0,
    "errorPct" : 0.0,
    "meanResTime" : 199.41300000000018,
    "medianResTime" : 90.0,
    "minResTime" : 4.0,
    "maxResTime" : 1408.0,
    "pct1ResTime" : 538.9,
    "pct2ResTime" : 733.5999999999995,
    "pct3ResTime" : 1118.5900000000004,
    "throughput" : 66.86279753944906,
    "receivedKBytesPerSec" : 19.196936012302757,
    "sentKBytesPerSec" : 29.116724161707676
  },
  "18 Get Wallet Balance Request" : {
    "transaction" : "18 Get Wallet Balance Request",
    "sampleCount" : 1000,
    "errorCount" : 0,
    "errorPct" : 0.0,
    "meanResTime" : 177.96699999999998,
    "medianResTime" : 68.5,
    "minResTime" : 3.0,
    "maxResTime" : 1378.0,
    "pct1ResTime" : 517.9,
    "pct2ResTime" : 675.8499999999998,
    "pct3ResTime" : 1230.8500000000001,
    "throughput" : 66.9254450542096,
    "receivedKBytesPerSec" : 20.195275900147237,
    "sentKBytesPerSec" : 26.72580070020747
  },
  "22 Get Wallet Balance Request" : {
    "transaction" : "22 Get Wallet Balance Request",
    "sampleCount" : 1000,
    "errorCount" : 520,
    "errorPct" : 52.0,
    "meanResTime" : 17.191000000000038,
    "medianResTime" : 8.0,
    "minResTime" : 2.0,
    "maxResTime" : 621.0,
    "pct1ResTime" : 23.0,
    "pct2ResTime" : 39.94999999999993,
    "pct3ResTime" : 317.94000000000005,
    "throughput" : 13.472912708998559,
    "receivedKBytesPerSec" : 4.059241239238511,
    "sentKBytesPerSec" : 5.3802313846449215
  },
  "15 Login Request" : {
    "transaction" : "15 Login Request",
    "sampleCount" : 1000,
    "errorCount" : 0,
    "errorPct" : 0.0,
    "meanResTime" : 36.01600000000003,
    "medianResTime" : 25.0,
    "minResTime" : 3.0,
    "maxResTime" : 621.0,
    "pct1ResTime" : 71.0,
    "pct2ResTime" : 94.0,
    "pct3ResTime" : 187.98000000000002,
    "throughput" : 66.8002672010688,
    "receivedKBytesPerSec" : 34.423599803774216,
    "sentKBytesPerSec" : 16.590472611890448
  },
  "21 Get Wallet Transactions Request" : {
    "transaction" : "21 Get Wallet Transactions Request",
    "sampleCount" : 1000,
    "errorCount" : 923,
    "errorPct" : 92.3,
    "meanResTime" : 17.240000000000002,
    "medianResTime" : 8.0,
    "minResTime" : 2.0,
    "maxResTime" : 751.0,
    "pct1ResTime" : 21.0,
    "pct2ResTime" : 39.94999999999993,
    "pct3ResTime" : 275.74000000000024,
    "throughput" : 13.455328310010765,
    "receivedKBytesPerSec" : 5.2323356768030145,
    "sentKBytesPerSec" : 5.438909130281217
  }
}