{
  "23 Get Stock Portfolio Request" : {
    "transaction" : "23 Get Stock Portfolio Request",
    "sampleCount" : 5000,
    "errorCount" : 2504,
    "errorPct" : 50.08,
    "meanResTime" : 1802.8028000000004,
    "medianResTime" : 644.0,
    "minResTime" : 2.0,
    "maxResTime" : 13182.0,
    "pct1ResTime" : 5277.0000000000055,
    "pct2ResTime" : 6795.799999999999,
    "pct3ResTime" : 9387.929999999998,
    "throughput" : 86.33341966675299,
    "receivedKBytesPerSec" : 27.775754338254337,
    "sentKBytesPerSec" : 34.65140183890184
  },
  "16 Get Stock Prices Request" : {
    "transaction" : "16 Get Stock Prices Request",
    "sampleCount" : 5000,
    "errorCount" : 2500,
    "errorPct" : 50.0,
    "meanResTime" : 2672.557800000007,
    "medianResTime" : 2007.5,
    "minResTime" : 4.0,
    "maxResTime" : 14603.0,
    "pct1ResTime" : 6060.700000000002,
    "pct2ResTime" : 8098.449999999998,
    "pct3ResTime" : 9501.919999999998,
    "throughput" : 85.40584859251162,
    "receivedKBytesPerSec" : 37.948887802336706,
    "sentKBytesPerSec" : 34.02889279857885
  },
  "14 Register Request" : {
    "transaction" : "14 Register Request",
    "sampleCount" : 5000,
    "errorCount" : 0,
    "errorPct" : 0.0,
    "meanResTime" : 237.1872000000001,
    "medianResTime" : 125.0,
    "minResTime" : 4.0,
    "maxResTime" : 2159.0,
    "pct1ResTime" : 619.9000000000005,
    "pct2ResTime" : 858.8999999999996,
    "pct3ResTime" : 1354.9899999999998,
    "throughput" : 110.84508291212201,
    "receivedKBytesPerSec" : 28.46900078700009,
    "sentKBytesPerSec" : 30.106953381329255
  },
  "19 Place Stock Order Request" : {
    "transaction" : "19 Place Stock Order Request",
    "sampleCount" : 5000,
    "errorCount" : 0,
    "errorPct" : 0.0,
    "meanResTime" : 237.69899999999953,
    "medianResTime" : 160.0,
    "minResTime" : 3.0,
    "maxResTime" : 2000.0,
    "pct1ResTime" : 550.0,
    "pct2ResTime" : 699.0,
    "pct3ResTime" : 1076.9599999999991,
    "throughput" : 85.01232678738417,
    "receivedKBytesPerSec" : 67.78570783388592,
    "sentKBytesPerSec" : 44.16656040125818
  },
  "Total" : {
    "transaction" : "Total",
    "sampleCount" : 50000,
    "errorCount" : 12928,
    "errorPct" : 25.856,
    "meanResTime" : 1707.6247200000132,
    "medianResTime" : 520.5,
    "minResTime" : 2.0,
    "maxResTime" : 19929.0,
    "pct1ResTime" : 6122.0,
    "pct2ResTime" : 8630.0,
    "pct3ResTime" : 9760.980000000003,
    "throughput" : 734.7862506796773,
    "receivedKBytesPerSec" : 297.69310986340327,
    "sentKBytesPerSec" : 285.8357263637633
  },
  "20 Get Stock Transactions Request" : {
    "transaction" : "20 Get Stock Transactions Request",
    "sampleCount" : 5000,
    "errorCount" : 2701,
    "errorPct" : 54.02,
    "meanResTime" : 2338.7322,
    "medianResTime" : 1572.5,
    "minResTime" : 3.0,
    "maxResTime" : 13993.0,
    "pct1ResTime" : 5765.800000000001,
    "pct2ResTime" : 7785.199999999997,
    "pct3ResTime" : 9495.0,
    "throughput" : 85.0267834367826,
    "receivedKBytesPerSec" : 46.911734227531674,
    "sentKBytesPerSec" : 34.37606283479296
  },
  "17 Add Money Request" : {
    "transaction" : "17 Add Money Request",
    "sampleCount" : 5000,
    "errorCount" : 0,
    "errorPct" : 0.0,
    "meanResTime" : 2669.8902000000026,
    "medianResTime" : 2053.5,
    "minResTime" : 4.0,
    "maxResTime" : 15382.0,
    "pct1ResTime" : 6087.500000000003,
    "pct2ResTime" : 8115.649999999999,
    "pct3ResTime" : 9602.0,
    "throughput" : 84.99498529586755,
    "receivedKBytesPerSec" : 22.410787138558824,
    "sentKBytesPerSec" : 37.10230315161406
  },
  "18 Get Wallet Balance Request" : {
    "transaction" : "18 Get Wallet Balance Request",
    "sampleCount" : 5000,
    "errorCount" : 0,
    "errorPct" : 0.0,
    "meanResTime" : 2612.948600000003,
    "medianResTime" : 2044.0,
    "minResTime" : 3.0,
    "maxResTime" : 13695.0,
    "pct1ResTime" : 6006.100000000005,
    "pct2ResTime" : 8020.649999999999,
    "pct3ResTime" : 9615.96,
    "throughput" : 85.01666326600014,
    "receivedKBytesPerSec" : 23.66186428790043,
    "sentKBytesPerSec" : 34.03987494048834
  },
  "22 Get Wallet Balance Request" : {
    "transaction" : "22 Get Wallet Balance Request",
    "sampleCount" : 5000,
    "errorCount" : 2522,
    "errorPct" : 50.44,
    "meanResTime" : 2046.1188000000095,
    "medianResTime" : 1037.0,
    "minResTime" : 2.0,
    "maxResTime" : 19929.0,
    "pct1ResTime" : 5513.800000000001,
    "pct2ResTime" : 7163.099999999997,
    "pct3ResTime" : 9399.99,
    "throughput" : 85.60471168333105,
    "receivedKBytesPerSec" : 23.784098764295987,
    "sentKBytesPerSec" : 34.27532401383372
  },
  "15 Login Request" : {
    "transaction" : "15 Login Request",
    "sampleCount" : 5000,
    "errorCount" : 0,
    "errorPct" : 0.0,
    "meanResTime" : 224.88799999999966,
    "medianResTime" : 129.5,
    "minResTime" : 3.0,
    "maxResTime" : 1985.0,
    "pct1ResTime" : 555.0,
    "pct2ResTime" : 738.0,
    "pct3ResTime" : 1242.8799999999974,
    "throughput" : 110.08123995508686,
    "receivedKBytesPerSec" : 54.28811150128795,
    "sentKBytesPerSec" : 27.765670752515355
  },
  "21 Get Wallet Transactions Request" : {
    "transaction" : "21 Get Wallet Transactions Request",
    "sampleCount" : 5000,
    "errorCount" : 2701,
    "errorPct" : 54.02,
    "meanResTime" : 2233.422600000002,
    "medianResTime" : 1347.0,
    "minResTime" : 2.0,
    "maxResTime" : 14348.0,
    "pct1ResTime" : 5736.500000000003,
    "pct2ResTime" : 7899.699999999999,
    "pct3ResTime" : 9597.649999999992,
    "throughput" : 85.14261387824607,
    "receivedKBytesPerSec" : 31.19977916134525,
    "sentKBytesPerSec" : 34.50603980417199
  }
}